text,intent
How often should I water my succulent?,plant_caretaking_advise
What is the ideal temperature for an indoor fern?,plant_caretaking_advise
How much sunlight does a snake plant require?,plant_caretaking_advise
Can you recommend low-maintenance plants for beginners?,plant_caretaking_advise
My plant's leaves are turning yellow. What could be the problem?,plant_caretaking_advise
What type of fertilizer should I use for my orchid?,plant_caretaking_advise
How do I propagate a pothos plant?,plant_caretaking_advise
What is the best way to repot a cactus?,plant_caretaking_advise
My plant seems to be infested with pests. How can I get rid of them?,plant_caretaking_advise
Are there any specific care instructions for a bonsai tree?,plant_caretaking_advise
How often should I fertilize my houseplants?,plant_caretaking_advise
What is the best way to prune a fruit tree?,plant_caretaking_advise
Can you recommend plants that are suitable for a bathroom?,plant_caretaking_advise
How do I prevent root rot in my potted plants?,plant_caretaking_advise
What should I do if my plant's leaves are wilting?,plant_caretaking_advise
Are there any specific care instructions for a peace lily?,plant_caretaking_advise
Can you suggest plants that are safe for cats?,plant_caretaking_advise
How do I revive an overwatered plant?,plant_caretaking_advise
What is the ideal humidity level for tropical plants?,plant_caretaking_advise
How can I protect my plants from pests without using chemicals?,plant_caretaking_advise
What type of soil is best for succulents?,plant_caretaking_advise
Should I mist my orchid regularly?,plant_caretaking_advise
What are some common signs of nutrient deficiencies in plants?,plant_caretaking_advise
How do I know if my plant needs repotting?,plant_caretaking_advise
What is the best way to propagate a monstera plant?,plant_caretaking_advise
Can you recommend indoor plants that improve air quality?,plant_caretaking_advise
How do I prevent my plants from getting leggy?,plant_caretaking_advise
What is the ideal watering schedule for a cactus?,plant_caretaking_advise
Are there any specific care instructions for a Venus flytrap?,plant_caretaking_advise
How can I encourage flowering in my flowering plants?,plant_caretaking_advise
Should I rotate my houseplants for even growth?,plant_caretaking_advise
What is the best way to clean dusty leaves?,plant_caretaking_advise
How do I care for a bonsai tree in winter?,plant_caretaking_advise
Can you suggest plants that are suitable for a shady balcony?,plant_caretaking_advise
How do I prevent yellow leaves on my citrus tree?,plant_caretaking_advise
What is the best way to support a climbing plant?,plant_caretaking_advise
How can I control the humidity for my tropical houseplants?,plant_caretaking_advise
What are some natural remedies for plant pests?,plant_caretaking_advise
How do I know if my plant is getting too much or too little light?,plant_caretaking_advise
What is the ideal pot size for an indoor herb garden?,plant_caretaking_advise
How do I make my plants bushier?,plant_caretaking_advise
Can you recommend plants that are suitable for a small terrarium?,plant_caretaking_advise
How do I prevent fungus gnats in my houseplants?,plant_caretaking_advise
What is the best way to acclimate indoor plants to outdoor conditions?,plant_caretaking_advise
How can I encourage root growth in my plant cuttings?,plant_caretaking_advise
What should I do if my plant's leaves have brown spots?,plant_caretaking_advise
Are there any specific care instructions for an African violet?,plant_caretaking_advise
How do I protect my plants from extreme temperatures?,plant_caretaking_advise
What is the best way to train a vine plant on a trellis?,plant_caretaking_advise
How often should I mist my air plants?,plant_caretaking_advise
Can you suggest plants that are suitable for a sunny windowsill?,plant_caretaking_advise
How do I prevent mold in my potting soil?,plant_caretaking_advise
What should I do if my plant is growing too tall?,plant_caretaking_advise
Are there any specific care instructions for a fern?,plant_caretaking_advise
How can I improve the drainage in my potted plants?,plant_caretaking_advise
What is the best way to water orchids?,plant_caretaking_advise
How do I make my plant produce more flowers?,plant_caretaking_advise
Can you recommend plants that are suitable for a low-humidity environment?,plant_caretaking_advise
How do I prevent pests from spreading to my other plants?,plant_caretaking_advise
What is the ideal temperature range for a vegetable garden?,plant_caretaking_advise
How can I protect my plants from strong winds?,plant_caretaking_advise
What should I do if my plant's leaves are turning brown at the edges?,plant_caretaking_advise
Are there any specific care instructions for a rubber plant?,plant_caretaking_advise
How do I make my succulent more compact?,plant_caretaking_advise
Can you suggest plants that are suitable for a vertical garden?,plant_caretaking_advise
How do I prevent algae growth in my plant's water tray?,plant_caretaking_advise
What is the best way to prune a rose bush?,plant_caretaking_advise
How often should I mist my fern?,plant_caretaking_advise
How do I care for a plant while on vacation?,plant_caretaking_advise
Can you recommend plants that are suitable for a bright office?,plant_caretaking_advise
How do I prevent pests from eating my plant's leaves?,plant_caretaking_advise
What should I do if my plant's soil is always wet?,plant_caretaking_advise
Are there any specific care instructions for a prayer plant?,plant_caretaking_advise
How can I protect my plants from frost damage?,plant_caretaking_advise
What is the best way to propagate a spider plant?,plant_caretaking_advise
How do I make my plant produce,plant_caretaking_advise
I'm looking for a plant that can thrive in low light conditions.,plant_purchasing_advise
Can you recommend a flowering plant for a sunny balcony?,plant_purchasing_advise
I want a tall indoor plant with big leaves. Any suggestions?,plant_purchasing_advise
What are some pet-friendly plants that I can have in my home?,plant_purchasing_advise
I need a plant that can withstand dry air in my office. Any ideas?,plant_purchasing_advise
Is there a plant that can purify the air in my bedroom?,plant_purchasing_advise
I'm looking for a hanging plant for my kitchen. What options do I have?,plant_purchasing_advise
Which plant would be suitable for a small apartment with limited space?,plant_purchasing_advise
Can you suggest a low-maintenance plant for a forgetful plant owner?,plant_purchasing_advise
I want a plant with colorful foliage. Any recommendations?,plant_purchasing_advise
I'm looking for a plant that can tolerate low humidity.,plant_purchasing_advise
Can you recommend a small plant for a desk?,plant_purchasing_advise
I want a flowering plant with a pleasant fragrance. Any suggestions?,plant_purchasing_advise
What are some plants that can thrive in a north-facing window?,plant_purchasing_advise
I'm looking for a trailing plant for a hanging basket. Any recommendations?,plant_purchasing_advise
Can you suggest a plant that requires minimal watering?,plant_purchasing_advise
I want a plant with variegated leaves. What options do I have?,plant_purchasing_advise
What are some low-light plants that are suitable for a basement?,plant_purchasing_advise
I'm looking for a plant that can survive in a dry climate. Any ideas?,plant_purchasing_advise
Can you recommend a plant that can tolerate cold temperatures?,plant_purchasing_advise
I want a plant with vibrant colorful blooms. What would you suggest?,plant_purchasing_advise
What are some plants that can handle neglect and irregular care?,plant_purchasing_advise
I'm looking for a plant that can purify the air in my bedroom. Any suggestions?,plant_purchasing_advise
Can you suggest a low-maintenance plant for a busy office environment?,plant_purchasing_advise
I want a plant with unique architectural foliage. What options are available?,plant_purchasing_advise
What are some pet-safe plants that I can have in my home?,plant_purchasing_advise
I'm looking for a plant that can tolerate direct sunlight. Any recommendations?,plant_purchasing_advise
Can you recommend a plant that can grow well in a terrarium?,plant_purchasing_advise
I want a plant with trailing vines for a bookshelf. What would you suggest?,plant_purchasing_advise
What are some plants that are known for their air-purifying properties?,plant_purchasing_advise
I'm looking for a plant that can survive in low light conditions. Any ideas?,plant_purchasing_advise
Can you suggest a low-maintenance plant for a beginner gardener?,plant_purchasing_advise
I want a plant with large glossy leaves. What options do I have?,plant_purchasing_advise
What are some plants that are resistant to pests and diseases?,plant_purchasing_advise
I'm looking for a plant that can thrive in a high-humidity environment. Any recommendations?,plant_purchasing_advise
Can you recommend a plant that can tolerate dry air in an office setting?,plant_purchasing_advise
I want a plant with colorful foliage. What would you suggest?,plant_purchasing_advise
What are some plants that can withstand hot temperatures and full sun?,plant_purchasing_advise
I'm looking for a plant that can grow well in a hanging macrame planter. Any ideas?,plant_purchasing_advise
Can you suggest a plant that is suitable for a bathroom with low light?,plant_purchasing_advise
I want a plant with a trailing habit for a tall bookshelf. What options are available?,plant_purchasing_advise
What are some plants that are easy to propagate from cuttings?,plant_purchasing_advise
I'm looking for a plant that can tolerate low water availability. Any recommendations?,plant_purchasing_advise
Can you recommend a plant that can add a tropical vibe to a living room?,plant_purchasing_advise
I want a plant with variegated foliage and compact growth. What would you suggest?,plant_purchasing_advise
What are some plants that are suitable for a windowless office?,plant_purchasing_advise
I'm looking for a plant that can handle temperature fluctuations. Any ideas?,plant_purchasing_advise
Can you suggest a plant that is suitable for a hanging terrarium?,plant_purchasing_advise
I want a plant with unique eye-catching flowers. What options do I have?,plant_purchasing_advise
What are some plants that can thrive in a sunny balcony garden?,plant_purchasing_advise
I'm looking for a plant that can survive in a low-light bathroom. Any recommendations?,plant_purchasing_advise
Can you recommend a plant that can tolerate occasional neglect and forgetful watering?,plant_purchasing_advise
I want a plant with feathery or fern-like foliage. What would you suggest?,plant_purchasing_advise
What are some plants that can handle dry indoor heating conditions?,plant_purchasing_advise
I'm looking for a plant that can grow well in a small pot. Any ideas?,plant_purchasing_advise
Can you suggest a plant that is suitable for a compact urban garden?,plant_purchasing_advise
I want a plant with fragrant flowers for a bedroom. What options are available?,plant_purchasing_advise
What are some plants that can tolerate air conditioning and drafts?,plant_purchasing_advise
I'm looking for a plant that can survive in a sunny south-facing window. Any recommendations?,plant_purchasing_advise
Can you recommend a plant that is suitable for a minimalist modern,plant_purchasing_advise
How do I identify the disease affecting my indoor fern?,plant_disease_advise
What are the common symptoms of fungal infections in houseplants?,plant_disease_advise
My orchid has black spots on its leaves. How do I treat it?,plant_disease_advise
Is there a natural remedy for powdery mildew on my indoor plants?,plant_disease_advise
Can you suggest an organic pesticide for aphids on my houseplants?,plant_disease_advise
What is the best way to prevent root rot in potted plants?,plant_disease_advise
I suspect my peace lily has a bacterial infection. How can I confirm it?,plant_disease_advise
Are there any specific signs of viral infections in indoor plants?,plant_disease_advise
How do I control spider mites on my houseplants?,plant_disease_advise
What is the most effective treatment for leaf spot in my indoor herbs?,plant_disease_advise
My succulent has brown spots on its leaves. What could be the cause?,plant_disease_advise
Are there any companion plants that repel pests naturally indoors?,plant_disease_advise
How do I differentiate between nutrient deficiencies and pest damage on my houseplants?,plant_disease_advise
Can you recommend a systemic fungicide for blight in my potted flowers?,plant_disease_advise
What are some preventive measures for fungal infections in indoor plants?,plant_disease_advise
How can I get rid of whiteflies on my houseplants naturally?,plant_disease_advise
Is there a way to save my overwatered indoor plant from root rot?,plant_disease_advise
Are there any effective organic methods for controlling mealybugs on houseplants?,plant_disease_advise
My snake plant has sticky leaves. What is it and how can I treat it?,plant_disease_advise
What are the early signs of viral infections in houseplants?,plant_disease_advise
How do I treat rust disease on my indoor plant leaves?,plant_disease_advise
Can you suggest a natural pesticide for fungus gnats in potted plants?,plant_disease_advise
What is the best way to prevent damping-off disease in indoor seedlings?,plant_disease_advise
Are there any specific symptoms of bacterial leaf spot on my houseplants?,plant_disease_advise
My air plant is turning brown. What could be causing it and how do I fix it?,plant_disease_advise
How do I control powdery mildew on my indoor herbs without using chemicals?,plant_disease_advise
Can you recommend a safe and effective treatment for scale insects on my houseplants?,plant_disease_advise
What are the signs of crown rot disease in indoor plants?,plant_disease_advise
Is there a natural remedy for black spot on my rose bush indoors?,plant_disease_advise
How do I identify and treat leaf curl on my indoor fruit tree?,plant_disease_advise
My houseplant leaves are wilting. What could be the reason and how do I revive them?,plant_disease_advise
What are the signs of early blight in my indoor tomato plants?,plant_disease_advise
Can you suggest an eco-friendly method for controlling pests in houseplants?,plant_disease_advise
How do I treat leaf spot on my indoor foliage plants?,plant_disease_advise
What are some common signs of over-fertilization in houseplants?,plant_disease_advise
My herb garden has powdery mildew. What can I do to get rid of it indoors?,plant_disease_advise
Are there any natural ways to control aphids on my indoor flowers?,plant_disease_advise
How do I prevent and treat black mold on my indoor plants?,plant_disease_advise
Can you recommend a fungicide for botrytis blight on my indoor flowers?,plant_disease_advise
What is the best treatment for root rot in my potted herbs?,plant_disease_advise
My indoor palm tree has yellowing leaves. What might be causing it?,plant_disease_advise
How do I control anthracnose on my indoor fruiting plant?,plant_disease_advise
What are the symptoms of late blight in my indoor tomato plants?,plant_disease_advise
Can you suggest a safe insecticide for mealybugs on my indoor plants?,plant_disease_advise
How do I identify the disease affecting my potted fern?,plant_disease_advise
What are the common symptoms of fungal infections in houseplants?,plant_disease_advise
My orchid has black spots on its leaves. How do I treat it?,plant_disease_advise
Is there a natural remedy for powdery mildew on my potted plants?,plant_disease_advise
Can you suggest an organic pesticide for aphids on my container plants?,plant_disease_advise
What is the best way to prevent root rot in potted plants?,plant_disease_advise
I suspect my peace lily has a bacterial infection. How can I confirm it?,plant_disease_advise
Are there any specific signs of viral infections in potted plants?,plant_disease_advise
How do I control spider mites on my container garden plants?,plant_disease_advise
What is the most effective treatment for leaf spot in my potted herbs?,plant_disease_advise
My succulent has brown spots on its leaves. What could be the cause?,plant_disease_advise
Are there any companion plants that repel pests naturally in containers?,plant_disease_advise
How do I differentiate between nutrient deficiencies and pest damage on my plants in pots?,plant_disease_advise
Can you recommend a systemic fungicide for blight in my container flowers?,plant_disease_advise
What are some preventive measures for fungal infections in potted plants?,plant_disease_advise
How can I get rid of whiteflies on my container plants naturally?,plant_disease_advise
Is there a way to save my overwatered potted plant from root rot?,plant_disease_advise
Are there any effective organic methods for controlling mealybugs on container plants?,plant_disease_advise
My snake plant has sticky leaves. What is it and how can I treat it?,plant_disease_advise
What are the early signs of viral infections in container plants?,plant_disease_advise
How do I treat rust disease on my potted plant leaves?,plant_disease_advise
Can you suggest a natural pesticide for fungus gnats in container gardens?,plant_disease_advise
What is the best way to prevent damping-off disease in potted seedlings?,plant_disease_advise
Are there any specific symptoms of bacterial leaf spot on my potted plants?,plant_disease_advise
My air plant is turning brown. What could be causing it and how do I fix it?,plant_disease_advise
How do I control powdery mildew on my potted herbs without using chemicals?,plant_disease_advise
Can you recommend a safe and effective treatment for scale insects on my container plants?,plant_disease_advise
What are the signs of crown rot disease in potted plants?,plant_disease_advise
Is there a natural remedy for black spot on my rose bush in a pot?,plant_disease_advise
How do I identify and treat leaf curl on my potted fruit tree?,plant_disease_advise